<?xml version="1.0" encoding="utf-8"?>
<install type="module" version="1.5" method="upgrade">
	<name>mod_adsmanager_menu</name>
	<author>Thomas Papin</author>
	<creationDate>September 2011</creationDate>
	<license>http://www.gnu.org/copyleft/gpl.html GNU/GPL</license>
	<authorEmail>webmaster@joomprod.com</authorEmail>
	<authorUrl>www.joomprod.com</authorUrl>
	<version>2.6.5</version>
	<description>Displays the AdsManager Menu</description>
	<files>
		<filename module="mod_adsmanager_menu">mod_adsmanager_menu.php</filename>
		<filename>mod_adsmanager_menu.xml</filename>
		<filename>index.html</filename>
        <filename>tmpl/index.html</filename>
        <filename>tmpl/default.php</filename>
	</files>
	<params>
		<param name="displaynumads" type="radio" default="1" label="Display Num of Ads" description="Display the number of ads for each categories">
				<option value="0">No</option>
				<option value="1">Yes</option>
		</param>
		<param name="moduleclass_sfx" type="text" default="" label="Module Class Suffix" description="A suffix to be applied to the css class of the module (table.moduletable), this allows individual module styling" />
		<param name="default_itemid" type="text" default="" size="4" label="Itemid" description="Specific Itemid. If empty the current itemid will be used" />
	</params>
	<languages folder="language">
        <language tag="en-GB">en-GB.mod_adsmanager_menu.ini</language>
        <language tag="en-GB">en-GB.mod_adsmanager_menu.sys.ini</language>
        <language tag="fr-FR">fr-FR.mod_adsmanager_menu.ini</language>
        <language tag="fr-FR">fr-FR.mod_adsmanager_menu.sys.ini</language>
        <language tag="fa-IR">fa-IR.mod_adsmanager_menu.ini</language>
        <language tag="fa-IR">fa-IR.mod_adsmanager_menu.sys.ini</language>
    </languages>
	<config>
		<fields name="params">
			<fieldset name="basic">
				<field name="displaynumads" type="radio" default="1"  label="MOD_ADSMANAGER_MENU_DISPLAY_NBADS" description="MOD_ADSMANAGER_MENU_DISPLAY_NBADS_DESC">
					<option value="0">MOD_ADSMANAGER_MENU_NO</option>
					<option value="1">MOD_ADSMANAGER_MENU_YES</option>
				</field>
				<field name="default_itemid" type="text" default="" size="4" label="MOD_ADSMANAGER_MENU_ITEMID" description="MOD_ADSMANAGER_MENU_ITEMID_DESC" />
			</fieldset>
			<fieldset name="advanced">		
				<field
					name="moduleclass_sfx"
					type="text"
					label="COM_MODULES_FIELD_MODULECLASS_SFX_LABEL" 
					description="COM_MODULES_FIELD_MODULECLASS_SFX_DESC" />
				<field
					name="cache"
					type="list"
					default="0"
					label="COM_MODULES_FIELD_CACHING_LABEL"
					description="COM_MODULES_FIELD_CACHING_DESC">
					<option
						value="1">JGLOBAL_USE_GLOBAL</option>
					<option
						value="0">COM_MODULES_FIELD_VALUE_NOCACHING</option>
				</field>
				<field
					name="cache_time"
					type="text"
					default="900"
					label="COM_MODULES_FIELD_CACHE_TIME_LABEL"
					description="COM_MODULES_FIELD_CACHE_TIME_DESC" />
				<field
					name="cachemode"
					type="hidden"
					default="static">
					<option	value="static"></option>
				</field>
			</fieldset>
		</fields>
	</config>
</install>

