<?xml version="1.0" encoding="utf-8"?>
<install version="1.5" type="plugin" group="adsmanagercontent" method="upgrade">
	<name>Adsmanager - JComments</name>
	<author>JoomPROD</author>
	<creationDate>August 2011</creationDate>
	<copyright>Copyright (C) 2005 - 2011 Open Source Matters. All rights reserved.</copyright>
	<license>GNU General Public License version 2 or later</license>
	<authorEmail>webmaster@joomprod.com</authorEmail>
	<authorUrl>www.joomprod.com</authorUrl>
	<version>1.0</version>
	<description>JComments Adsmanager Integration</description>

	<files>
		<filename plugin="jcomments">jcomments.php</filename>
		<filename>index.html</filename>
	</files>
	<params/>
	<config>
	</config>
</install>