<users>
	<item title="events" dispatch="events.search" />

	<side>
		<item group="events.search" title="custom_event_fields" href="%INDEX_SCRIPT?dispatch=events.field_editor" />

		<item group="events.add" title="search_for_events" href="%INDEX_SCRIPT?dispatch=events.search" />
		<item group="events.add" title="custom_event_fields" href="%INDEX_SCRIPT?dispatch=events.field_editor" />

		<item group="events.update" title="add_event" href="%INDEX_SCRIPT?dispatch=events.add" />
		<item group="events.update" title="search_for_events" href="%INDEX_SCRIPT?dispatch=events.search" />
		<item group="events.update" title="custom_event_fields" href="%INDEX_SCRIPT?dispatch=events.field_editor" />
	</side>
</users>
