<?xml version="1.0" encoding="UTF-8"?>
<gesmes:Envelope xmlns:gesmes="http://www.gesmes.org/xml/2002-08-01" xmlns="http://www.ecb.int/vocabulary/2002-08-01/eurofxref">
	<gesmes:subject>Reference rates</gesmes:subject>
	<gesmes:Sender>
		<gesmes:name>European Central Bank</gesmes:name>
	</gesmes:Sender>
	<Cube>
		<Cube time='2011-12-13'>
			<Cube currency='USD' rate='1.3181'/>
			<Cube currency='JPY' rate='102.60'/>
			<Cube currency='BGN' rate='1.9558'/>
			<Cube currency='CZK' rate='25.633'/>
			<Cube currency='DKK' rate='7.4366'/>
			<Cube currency='GBP' rate='0.84625'/>
			<Cube currency='HUF' rate='304.39'/>
			<Cube currency='LTL' rate='3.4528'/>
			<Cube currency='LVL' rate='0.6970'/>
			<Cube currency='PLN' rate='4.5608'/>
			<Cube currency='RON' rate='4.3485'/>
			<Cube currency='SEK' rate='9.0605'/>
			<Cube currency='CHF' rate='1.2345'/>
			<Cube currency='NOK' rate='7.7110'/>
			<Cube currency='HRK' rate='7.4986'/>
			<Cube currency='RUB' rate='41.7115'/>
			<Cube currency='TRY' rate='2.4641'/>
			<Cube currency='AUD' rate='1.3016'/>
			<Cube currency='BRL' rate='2.4292'/>
			<Cube currency='CAD' rate='1.3528'/>
			<Cube currency='CNY' rate='8.3877'/>
			<Cube currency='HKD' rate='10.2548'/>
			<Cube currency='IDR' rate='12005.28'/>
			<Cube currency='ILS' rate='4.9834'/>
			<Cube currency='INR' rate='70.1100'/>
			<Cube currency='KRW' rate='1519.49'/>
			<Cube currency='MXN' rate='18.1647'/>
			<Cube currency='MYR' rate='4.1850'/>
			<Cube currency='NZD' rate='1.7215'/>
			<Cube currency='PHP' rate='57.795'/>
			<Cube currency='SGD' rate='1.7158'/>
			<Cube currency='THB' rate='41.138'/>
			<Cube currency='ZAR' rate='10.8795'/>
		</Cube>
	</Cube>
</gesmes:Envelope>