<?xml version="1.0" encoding="utf-8"?>
<install version="1.5" type="plugin" group="adsmanagercontent" method="upgrade">
    <name>AdsManagerContent - Social</name>
    <author>JoomPROD</author>
    <creationDate>August, 2011</creationDate>
    <copyright>Copyright (C) 2011 ITPrism.com. All rights reserved.</copyright>
    <license>http://www.gnu.org/copyleft/gpl.html GNU/GPL</license>
    <authorEmail>webmaster@joomprod.com</authorEmail>
    <authorUrl>http://www.joomprod.com</authorUrl>
    <version>1.0</version>
    <description>
    Adaptation of ITPShare plugin for Adsmanager (Original code From Todor Iliev,ITPrism.com)
    </description>
    <files>
        <filename plugin="social">social.php</filename>
        <filename>index.html</filename>
        <folder>social</folder>
    </files>
    <params>
        <param name="position" type="list" default="2" label="Position" description="A position where you want to put buttons." >
           <option value="0">Both</option>
           <option value="1">Top</option>
           <option value="2">Bottom</option>
        </param>
        <param name="@spacer1" type="spacer" default="############# TWITTER SETTINGS #############" label="" description="" />
        <param name="twitterButton" type="radio" default="0" label="Twitter Button" description="Show or hide Twitter buttons." >
           <option value="0">Hide</option>
           <option value="1">Show</option>
        </param>
        <param name="twitterName" type="text" default="" size="80" label="Twitter Name" description="Enter the name of your Twitter account." />
        <param name="twitterCounter" type="list" default="horizontal" label="Twitter Counter" description="Show or hide Twitter counter." >
           <option value="none">Hide</option>
           <option value="vertical">Vertical</option>
           <option value="horizontal">Horizontal</option>
        </param>
        <param name="twitterLanguage" type="list" default="0" label="Twitter Language" description="Choose the language of the Twitter button." >
           <option value="en">English</option>
           <option value="fr">French</option>
           <option value="gr">German</option>
           <option value="it">Italian</option>
           <option value="es">Spanish</option>
           <option value="ko">Korean</option>
           <option value="jp">Japanese</option>
        </param>
        
        <param name="@spacer2" type="spacer" default="############# FACEBOOK SHARE ME SETTINGS #############" label="" description="" />
        <param name="facebookShareMeButton" type="radio" default="0" label="FB ShareMe Button" description="Show or hide Facebook ShareMe button." >
           <option value="0">Hide</option>
           <option value="1">Show</option>
        </param>
        <param name="facebookShareMeType" type="list" default="small" label="FB ShareMe Type" description="The type of your Facebook ShareMe button." >
           <option value="large">Large</option>
           <option value="small">Small</option>
        </param>
        <param name="facebookShareMeBadgeText" type="text" default="FFFFFF" label="FB ShareMe Text Colour" description="The colour of the badge text." />
        <param name="facebookShareMeBadge" type="text" default="3B5998" label="FB ShareMe Colour" description="The colour of the badge." />
        
        <param name="@spacer4" type="spacer" default="############# FACEBOOK LIKE SETTINGS #############" label="" description="" />
        <param name="facebookLikeButton" type="radio" default="0" label="Facebook Like Button" description="Show or hide Facebook Like button." >
           <option value="0">Hide</option>
           <option value="1">Show</option>
        </param>
        <param name="facebookLikeRenderer" type="list" default="1" label="Facebook Like Renderer" description="Choose the renderer of your Facebook Like button." >
           <option value="0">iframe</option>
           <option value="1">XFBML</option>
        </param>
        <param name="facebookLikeAction" type="list" default="like" label="Facebook Button Text" description="The verb to display on the button. Options: 'like', 'recommend' " >
           <option value="like">Like</option>
           <option value="recommend">Recommend</option>
        </param>
        <param name="facebookLikeType" type="list" default="button_count" label="Facebook Like Type" description="The type of your Facebook Like button." >
            <option value="standard">Standard</option>
           <option value="box_count">Box count</option>
           <option value="button_count">Button count</option>
        </param>
        <param name="facebookLikeFaces" type="radio" default="0" label="Facebook Show Faces" description="Show or hide faces of people." >
           <option value="0">Hide</option>
           <option value="1">Show</option>
        </param>
        <param name="facebookLikeColor" type="list" default="light" label="Facebook Like Colour" description="Choose the colour schema of the like button." >
           <option value="light">Light</option>
           <option value="dark">Dark</option>
        </param>
        <param name="facebookLikeFont" type="list" default="" label="Facebook Like Font" description="The font to display in the button. Options: 'arial', 'lucida grande', 'segoe ui', 'tahoma', 'trebuchet ms', 'verdana' " >
           <option value=""></option>
            <option value="arial">arial</option>
            <option value="lucida grande">lucida grande</option>
            <option value="segoe ui">segoe ui</option>
            <option value="tahoma">tahoma</option>
            <option value="trebuchet ms">trebuchet ms</option>
            <option value="verdana">verdana</option>
        </param>
        <param name="facebookLikeWidth" type="text" default="90" label="Facebook Like Width" description="Enter the width of your Facebook Like button." />
        
        <param name="fbDynamicLocale" type="radio" default="0" label="Auto language" description="If you set 'Yes' the plugin will take Joomla! locale settings automatically.">
            <option value="0">No</option>
            <option value="1">Yes</option>
        </param>
        <param name="fbLocale" type="list" default="en_US" label="Language" description="A list with locations and language for the button. Default location - English [en_US].">
            <option value="af_ZA">Afrikaans</option>
			<option value="ar_AR">Arabic</option>
			<option value="ay_BO">Aymara</option>
			<option value="az_AZ">Azeri</option>
			<option value="be_BY">Belarusian</option>
			<option value="bg_BG">Bulgarian</option>
			<option value="bn_IN">Bengali</option>
			<option value="bs_BA">Bosnian</option>
			<option value="ca_ES">Catalan</option>
			<option value="ck_US">Cherokee</option>
			<option value="cs_CZ">Czech</option>
			<option value="cy_GB">Welsh</option>
			<option value="da_DK">Danish</option>
			<option value="de_DE">German</option>
			<option value="el_GR">Greek</option>
			<option value="en_GB">English (UK)</option>
			<option value="en_PI">English (Pirate)</option>
			<option value="en_UD">English (Upside Down)</option>
			<option value="en_US">English [US]</option>
			<option value="eo_EO">Esperanto</option>
			<option value="es_CL">Spanish (Chile)</option>
			<option value="es_CO">Spanish (Colombia)</option>
			<option value="es_ES">Spanish (Spain)</option>
			<option value="es_LA">Spanish</option>
			<option value="es_MX">Spanish (Mexico)</option>
			<option value="es_VE">Spanish (Mexico)</option>
			<option value="et_EE">Estonian</option>
			<option value="eu_ES">Basque</option>
			<option value="fa_IR">Persian</option>
			<option value="fb_LT">Leet Speak</option>
			<option value="fi_FI">Finnish</option>
			<option value="fo_FO">Faroese</option>
			<option value="fr_CA">French (Canada)</option>
			<option value="fr_FR">French (France)</option>
			<option value="ga_IE">Irish</option>
			<option value="gl_ES">Galician</option>
			<option value="gn_PY">Guarani</option>
			<option value="gu_IN">Gujarati</option>
			<option value="he_IL">Hebrew</option>
			<option value="hi_IN">Hindi</option>
			<option value="hr_HR">Croatian</option>
			<option value="hu_HU">Hungarian</option>
			<option value="hy_AM">Armenian</option>
			<option value="id_ID">Indonesian</option>
			<option value="is_IS">Icelandic</option>
			<option value="it_IT">Italian</option>
			<option value="ja_JP">Japanese</option>
			<option value="jv_ID">Javanese</option>
			<option value="ka_GE">Georgian</option>
			<option value="kk_KZ">Kazakh</option>
			<option value="km_KH">Khmer</option>
			<option value="kn_IN">Kannada</option>
			<option value="ko_KR">Korean</option>
			<option value="ku_TR">Kurdish</option>
			<option value="la_VA">Latin</option>
			<option value="li_NL">Limburgish</option>
			<option value="lt_LT">Lithuanian</option>
			<option value="lv_LV">Latvian</option>
			<option value="mg_MG">Malagasy</option>
			<option value="mk_MK">Macedonian</option>
			<option value="ml_IN">Malayalam</option>
			<option value="mn_MN">Mongolian</option>
			<option value="mr_IN">Marathi</option>
			<option value="ms_MY">Malay</option>
			<option value="mt_MT">Maltese</option>
			<option value="nb_NO">Norwegian (bokmal)</option>
			<option value="ne_NP">Nepali</option>
			<option value="nl_BE">Dutch (Belgie)</option>
			<option value="nl_NL">Dutch</option>
			<option value="nn_NO">Norwegian (nynorsk)</option>
			<option value="pa_IN">Punjabi</option>
			<option value="pl_PL">Polish</option>
			<option value="ps_AF">Pashto</option>
			<option value="pt_BR">Portuguese (Brazil)</option>
			<option value="pt_PT">Portuguese (Portugal)</option>
			<option value="qu_PE">Quechua</option>
			<option value="rm_CH">Romansh</option>
			<option value="ro_RO">Romanian</option>
			<option value="ru_RU">Russian</option>
			<option value="sa_IN">Sanskrit</option>
			<option value="se_NO">Northern Sami</option>
			<option value="sk_SK">Slovak</option>
			<option value="sl_SI">Slovenian</option>
			<option value="so_SO">Somali</option>
			<option value="sq_AL">Albanian</option>
			<option value="sr_RS">Serbian</option>
			<option value="sv_SE">Swedish</option>
			<option value="sw_KE">Swahili</option>
			<option value="sy_SY">Syriac</option>
			<option value="ta_IN">Tamil</option>
			<option value="te_IN">Telugu</option>
			<option value="tg_TJ">Tajik</option>
			<option value="th_TH">Thai</option>
			<option value="tl_PH">Filipino</option>
			<option value="tl_ST">Klingon</option>
			<option value="tr_TR">Turkish</option>
			<option value="tt_RU">Tatar</option>
			<option value="uk_UA">Ukrainian</option>
			<option value="ur_PK">Urdu</option>
			<option value="uz_UZ">Uzbek</option>
			<option value="vi_VN">Vietnamese</option>
			<option value="xh_ZA">Xhosa</option>
			<option value="yi_DE">Yiddish</option>
			<option value="zh_CN">Simplified Chinese (China)</option>
			<option value="zh_HK">Traditional Chinese (Hong Kong)</option>
			<option value="zh_TW">Traditional Chinese (Taiwan)</option>
			<option value="zu_ZA">Zulu</option>
        </param>
        
        <param name="@spacer5" type="spacer" default="############# DIGG SETTINGS #############" label="" description="" />
        <param name="diggButton" type="radio" default="0" label="Digg Button" description="Show or hide Digg buttons." >
           <option value="0">Hide</option>
           <option value="1">Show</option>
        </param>
        <param name="diggType" type="list" default="DiggCompact" label="Digg Type" description="The type of your Digg button." >
           <option value="DiggWide">Wide</option>
           <option value="DiggMedium">Medium</option>
           <option value="DiggCompact">Compact</option>
           <option value="DiggIcon">Icon</option>
        </param>
        <param name="@spacer6" type="spacer" default="############# STUMBLEUPON SETTINGS #############" label="" description="" />
        <param name="stumbleButton" type="radio" default="0" label="SumbpleUpon Button" description="Show or hide StubmpleUpon button." >
           <option value="0">Hide</option>
           <option value="1">Show</option>
        </param>  
        <param name="stumbleType" type="list" default="1" label="StumbleUpon Type" description="The type of your StumbleUpon button." >
           <option value="1">Style 1</option>
           <option value="2">Style 2</option>
           <option value="3">Style 3</option>
           <option value="4">Style 4</option>
           <option value="5">Style 5</option>
           <option value="6">Style 6</option>
        </param>  
        
        <param name="@spacer7" type="spacer" default="############# LINKEDIN SETTINGS #############" label="" description="" />
        <param name="linkedInButton" type="radio" default="0" label="LinkedIn Button" description="Show or hide LinkedIn button." >
           <option value="0">Hide</option>
           <option value="1">Show</option>
        </param>
        <param name="linkedInType" type="list" default="right" label="LinkedIn Type" description="The type of your LinkedIn button." >
           <option value="none">Counter None</option>
           <option value="top">Counter Top</option>
           <option value="right">Counter Right</option>
        </param>  
        <param name="@spacer8" type="spacer" default="############# BUZZ SETTINGS #############" label="" description="" />
        <param name="buzzButton" type="radio" default="0" label="Buzz Button" description="Show or hide Buzz button." >
           <option value="0">Hide</option>
           <option value="1">Show</option>
        </param>
        <param name="buzzType" type="list" default="small-count" label="Buzz Button Style" description="Choose a Buzz button style." >
           <option value="small-count">Small count</option>
           <option value="normal-count">Normal count</option>
           <option value="small-button">Small button</option>
           <option value="normal-button">Normal button</option>
           <option value="link">Link</option>
        </param>
        <param name="buzzLocale" type="list" default="en" label="Buzz Language" description="Choose a Buzz language." >
            <option value="ar">Arabic</option>
			<option value="bn">Bengali</option>
			<option value="bg">Bulgarian</option>
			<option value="ca">Catalan</option>
			<option value="zh">Chinese</option>
			<option value="zh_CN">Chinese (China)</option>
			<option value="zh_HK">Chinese (Hong Kong)</option>
			<option value="zh_TW">Chinese (Taiwan)</option>
			<option value="hr">Croatian</option>
			<option value="cs">Czech</option>
			<option value="da">Danish</option>
			<option value="nl">Dutch</option>
			<option value="en">English</option>
			<option value="en_IN">English (India)</option>
			<option value="en_IE">English (Ireland)</option>
			<option value="en_SG">English (Singapore)</option>
			<option value="en_ZA">English (South Africa)</option>
			<option value="en_GB">English (United Kingdom)</option>
			<option value="fil">Filipino</option>
			<option value="fi">Finnish</option>
			<option value="fr">French</option>
			<option value="de">German</option>
			<option value="de_CH">German (Switzerland)</option>
			<option value="el">Greek</option>
			<option value="gu">Gujarati</option>
			<option value="iw">Hebrew</option>
			<option value="hi">Hindi</option>
			<option value="hu">Hungarian</option>
			<option value="in">Indonesian</option>
			<option value="it">Italian</option>
			<option value="ja">Japanese</option>
			<option value="kn">Kannada</option>
			<option value="ko">Korean</option>
			<option value="lv">Latvian</option>
			<option value="ln">Lingala</option>
			<option value="lt">Lithuanian</option>
			<option value="ms">Malay</option>
			<option value="ml">Malayalam</option>
			<option value="mr">Marathi</option>
			<option value="no">Norwegian</option>
			<option value="or">Oriya</option>
			<option value="fa">Persian</option>
			<option value="pl">Polish</option>
			<option value="pt_BR">Portuguese (Brazil)</option>
			<option value="pt_PT">Portuguese (Portugal)</option>
			<option value="ro">Romanian</option>
			<option value="ru">Russian</option>
			<option value="sr">Serbian</option>
			<option value="sk">Slovak</option>
			<option value="sl">Slovenian</option>
			<option value="es">Spanish</option>
			<option value="sv">Swedish</option>
			<option value="gsw">Swiss German</option>
			<option value="ta">Tamil</option>
			<option value="te">Telugu</option>
			<option value="th">Thai</option>
			<option value="tr">Turkish</option>
			<option value="uk">Ukrainian</option>
            <option value="vi">Vietnamese</option>
        </param>
        <param name="@spacer9" type="spacer" default="############# RETWEETME SETTINGS #############" label="" description="" />
        <param name="retweetmeButton" type="radio" default="0" label="ReTweetMe Button" description="Show or hide ReTweetMe button." >
           <option value="0">Hide</option>
           <option value="1">Show</option>
        </param>
        <param name="retweetmeType" type="list" default="compact" label="ReTweetMe Button Style" description="Choose a ReTweetMe button style." >
           <option value="compact">Compact</option>
           <option value="normal">Normal</option>
        </param>
         <param name="@spacer10" type="spacer" default="############# YAHOO BUZZ SETTINGS #############" label="" description="" />
         <param name="yahooBuzzButton" type="radio" default="0" label="YahooBuzz Button" description="Show or hide YahooBuzz button." >
            <option value="0">Hide</option>
            <option value="1">Show</option>
         </param>
         <param name="yahooBuzzType" type="list" default="small-votes" label="YahooBuzz Button Style" description="Choose a YahooBuzz button style." >
            <option value="square">Square</option>
            <option value="text-votes">Icon with text + Votes</option>
            <option value="small-votes">Small + Votes</option>
            <option value="medium-votes">Medium + Votes</option>
            <option value="large-votes">Large + Votes</option>
            <option value="logo">Icon with No Text</option>
            <option value="text">Icon with text</option>
            <option value="small">Small</option>
            <option value="medium">Medium</option>
            <option value="large">Large</option>
         </param>
         <param name="@spacer11" type="spacer" default="############# GOOGLE PLUS ONE SETTINGS #############" label="" description="" />
        <param name="plusButton" type="radio" default="0" label="Google Plus One" description="Show or hide Plus One button." >
           <option value="0">Hide</option>
           <option value="1">Show</option>
        </param>
        <param name="plusType" type="list" default="medium" label="Plus One Button Style" description="Choose a Plus One button style." >
           <option value="small">Small (15px)</option>
           <option value="">Standard (24px)</option>
           <option value="medium">Medium (20px)n</option>
           <option value="tall">Tall (60px)</option>
        </param>
        <param name="plusLocale" type="list" default="en" label="Plus One Language" description="Choose a Plus One language." >
            <option value="ar">Arabic</option>
            <option value="bn">Bengali</option>
            <option value="bg">Bulgarian</option>
            <option value="ca">Catalan</option>
            <option value="zh">Chinese</option>
            <option value="zh_CN">Chinese (China)</option>
            <option value="zh_HK">Chinese (Hong Kong)</option>
            <option value="zh_TW">Chinese (Taiwan)</option>
            <option value="hr">Croatian</option>
            <option value="cs">Czech</option>
            <option value="da">Danish</option>
            <option value="nl">Dutch</option>
            <option value="en">English</option>
            <option value="en_IN">English (India)</option>
            <option value="en_IE">English (Ireland)</option>
            <option value="en_SG">English (Singapore)</option>
            <option value="en_ZA">English (South Africa)</option>
            <option value="en_GB">English (United Kingdom)</option>
            <option value="fil">Filipino</option>
            <option value="fi">Finnish</option>
            <option value="fr">French</option>
            <option value="de">German</option>
            <option value="de_CH">German (Switzerland)</option>
            <option value="el">Greek</option>
            <option value="gu">Gujarati</option>
            <option value="iw">Hebrew</option>
            <option value="hi">Hindi</option>
            <option value="hu">Hungarian</option>
            <option value="in">Indonesian</option>
            <option value="it">Italian</option>
            <option value="ja">Japanese</option>
            <option value="kn">Kannada</option>
            <option value="ko">Korean</option>
            <option value="lv">Latvian</option>
            <option value="ln">Lingala</option>
            <option value="lt">Lithuanian</option>
            <option value="ms">Malay</option>
            <option value="ml">Malayalam</option>
            <option value="mr">Marathi</option>
            <option value="no">Norwegian</option>
            <option value="or">Oriya</option>
            <option value="fa">Persian</option>
            <option value="pl">Polish</option>
            <option value="pt_BR">Portuguese (Brazil)</option>
            <option value="pt_PT">Portuguese (Portugal)</option>
            <option value="ro">Romanian</option>
            <option value="ru">Russian</option>
            <option value="sr">Serbian</option>
            <option value="sk">Slovak</option>
            <option value="sl">Slovenian</option>
            <option value="es">Spanish</option>
            <option value="sv">Swedish</option>
            <option value="gsw">Swiss German</option>
            <option value="ta">Tamil</option>
            <option value="te">Telugu</option>
            <option value="th">Thai</option>
            <option value="tr">Turkish</option>
            <option value="uk">Ukrainian</option>
            <option value="vi">Vietnamese</option>
        </param>
	</params>
    <params group="advanced">
        <param name="@spacer12" type="spacer" default="############# FACEBOOK LIKE ADVANCED SETTINGS #############" label="" description="" />
        <param name="facebookLikeAppId" type="text" default="" label="Facebook App ID" description="Enter the ID of the your domain name. For more information read the documentation." />
        <param name="facebookLikeSend" type="list" default="0" label="Facebook Send Buttons" description="Specifies whether to include a 'Send button' with the Like button. This only works with the XFBML version." >
           <option value="0">No</option>
           <option value="1">Yes</option>
        </param>
        <param name="facebookRootDiv" type="radio" default="1" label="Facebook Root Div" description="Put a FB root div element into the page code." >
            <option value="0">No</option>
            <option value="1">Yes</option>
         </param>
        <param name="facebookLoadJsLib" type="radio" default="1" label="Load Facebook JS library" description="Pass loading the Facebook JavaScript library 'All.js'. It works only with XFBML. Thus avoiding repeated loading library, if you are using other Facebook widgets. Accelerating the speed of the site and avoid conflicts between the Facebook widgets.">
            <option value="0">No</option>
            <option value="1">Yes</option>
        </param>
        <param name="@spacer13" type="spacer" default="############# EXTRA BUTTONS #############" label="" description="" />
        <param name="ebuttons1" type="textarea" default="" label="A Button code 1" description="Insert an extra button ccode that will be included. If you need to specify a URL or title, use {URL} and {TITLE} for that." cols="50" rows="10"/>
        <param name="ebuttons2" type="textarea" default="" label="A Button code 2" description="Insert an extra button ccode that will be included. If you need to specify a URL or title, use {URL} and {TITLE} for that." cols="50" rows="10"/>
        <param name="ebuttons3" type="textarea" default="" label="A Button code 3" description="Insert an extra button ccode that will be included. If you need to specify a URL or title, use {URL} and {TITLE} for that." cols="50" rows="10"/>
        <param name="ebuttons4" type="textarea" default="" label="A Button code 4" description="Insert an extra button ccode that will be included. If you need to specify a URL or title, use {URL} and {TITLE} for that." cols="50" rows="10"/>
        <param name="ebuttons5" type="textarea" default="" label="A Button code 5" description="Insert an extra button ccode that will be included. If you need to specify a URL or title, use {URL} and {TITLE} for that." cols="50" rows="10"/>
    </params> 
    <config>
		<fields name="params">
			<fieldset name="basic">
				<field name="position" type="list" default="2" label="Position" description="A position where you want to put buttons." >
		           <option value="0">Both</option>
		           <option value="1">Top</option>
		           <option value="2">Bottom</option>
		        </field>
		        <field name="@spacer1" type="spacer" default="############# TWITTER SETTINGS #############" label="" description="" />
		        <field name="twitterButton" type="radio" default="0" label="Twitter Button" description="Show or hide Twitter buttons." >
		           <option value="0">Hide</option>
		           <option value="1">Show</option>
		        </field>
		        <field name="twitterName" type="text" default="" label="Twitter Name" description="Enter the name of your Twitter account." />
		        <field name="twitterCounter" type="list" default="horizontal" label="Twitter Counter" description="Show or hide Twitter counter." >
		           <option value="none">Hide</option>
		           <option value="vertical">Vertical</option>
		           <option value="horizontal">Horizontal</option>
		        </field>
		        <field name="twitterLanguage" type="list" default="0" label="Twitter Language" description="Choose the language of the Twitter button." >
		           <option value="en">English</option>
		           <option value="fr">French</option>
		           <option value="gr">German</option>
		           <option value="it">Italian</option>
		           <option value="es">Spanish</option>
		           <option value="ko">Korean</option>
		           <option value="jp">Japanese</option>
		        </field>
		        
		        <field name="@spacer2" type="spacer" default="############# FACEBOOK SHARE ME SETTINGS #############" label="" description="" />
		        <field name="facebookShareMeButton" type="radio" default="0" label="FB ShareMe Button" description="Show or hide Facebook ShareMe button." >
		           <option value="0">Hide</option>
		           <option value="1">Show</option>
		        </field>
		        <field name="facebookShareMeType" type="list" default="small" label="FB ShareMe Type" description="The type of your Facebook ShareMe button." >
		           <option value="large">Large</option>
		           <option value="small">Small</option>
		        </field>
		        <field name="facebookShareMeBadgeText" type="text" default="FFFFFF" label="FB ShareMe Text Colour" description="The colour of the badge text." />
		        <field name="facebookShareMeBadge" type="text" default="3B5998" label="FB ShareMe Colour" description="The colour of the badge." />
		        
		        <field name="@spacer4" type="spacer" default="############# FACEBOOK LIKE SETTINGS #############" label="" description="" />
		        <field name="facebookLikeButton" type="radio" default="0" label="Facebook Like Button" description="Show or hide Facebook Like button." >
		           <option value="0">Hide</option>
		           <option value="1">Show</option>
		        </field>
		        <field name="facebookLikeRenderer" type="list" default="1" label="Facebook Like Renderer" description="Choose the renderer of your Facebook Like button." >
		           <option value="0">iframe</option>
		           <option value="1">XFBML</option>
		        </field>
		        <field name="facebookLikeAction" type="list" default="like" label="Facebook Button Text" description="The verb to display on the button. Options: 'like', 'recommend' " >
		           <option value="like">Like</option>
		           <option value="recommend">Recommend</option>
		        </field>
		        <field name="facebookLikeType" type="list" default="button_count" label="Facebook Like Type" description="The type of your Facebook Like button." >
		            <option value="standard">Standard</option>
		           <option value="box_count">Box count</option>
		           <option value="button_count">Button count</option>
		        </field>
		        <field name="facebookLikeFaces" type="radio" default="0" label="Facebook Show Faces" description="Show or hide faces of people." >
		           <option value="0">Hide</option>
		           <option value="1">Show</option>
		        </field>
		        <field name="facebookLikeColor" type="list" default="light" label="Facebook Like Colour" description="Choose the colour schema of the like button." >
		           <option value="light">Light</option>
		           <option value="dark">Dark</option>
		        </field>
		        <field name="facebookLikeFont" type="list" default="" label="Facebook Like Font" description="The font to display in the button. Options: 'arial', 'lucida grande', 'segoe ui', 'tahoma', 'trebuchet ms', 'verdana' " >
		           <option value=""></option>
		            <option value="arial">arial</option>
		            <option value="lucida grande">lucida grande</option>
		            <option value="segoe ui">segoe ui</option>
		            <option value="tahoma">tahoma</option>
		            <option value="trebuchet ms">trebuchet ms</option>
		            <option value="verdana">verdana</option>
		        </field>
		        <field name="facebookLikeWidth" type="text" default="90" label="Facebook Like Width" description="Enter the width of your Facebook Like button." />
		        
		        <field name="fbDynamicLocale" type="radio" default="0" label="Auto language" description="If you set 'Yes' the plugin will take Joomla! locale settings automatically.">
		            <option value="0">No</option>
		            <option value="1">Yes</option>
		        </field>
		        <field name="fbLocale" type="list" default="en_US" label="Language" description="A list with locations and language for the button. Default location - English [en_US].">
		            <option value="af_ZA">Afrikaans</option>
					<option value="ar_AR">Arabic</option>
					<option value="ay_BO">Aymara</option>
					<option value="az_AZ">Azeri</option>
					<option value="be_BY">Belarusian</option>
					<option value="bg_BG">Bulgarian</option>
					<option value="bn_IN">Bengali</option>
					<option value="bs_BA">Bosnian</option>
					<option value="ca_ES">Catalan</option>
					<option value="ck_US">Cherokee</option>
					<option value="cs_CZ">Czech</option>
					<option value="cy_GB">Welsh</option>
					<option value="da_DK">Danish</option>
					<option value="de_DE">German</option>
					<option value="el_GR">Greek</option>
					<option value="en_GB">English (UK)</option>
					<option value="en_PI">English (Pirate)</option>
					<option value="en_UD">English (Upside Down)</option>
					<option value="en_US">English [US]</option>
					<option value="eo_EO">Esperanto</option>
					<option value="es_CL">Spanish (Chile)</option>
					<option value="es_CO">Spanish (Colombia)</option>
					<option value="es_ES">Spanish (Spain)</option>
					<option value="es_LA">Spanish</option>
					<option value="es_MX">Spanish (Mexico)</option>
					<option value="es_VE">Spanish (Mexico)</option>
					<option value="et_EE">Estonian</option>
					<option value="eu_ES">Basque</option>
					<option value="fa_IR">Persian</option>
					<option value="fb_LT">Leet Speak</option>
					<option value="fi_FI">Finnish</option>
					<option value="fo_FO">Faroese</option>
					<option value="fr_CA">French (Canada)</option>
					<option value="fr_FR">French (France)</option>
					<option value="ga_IE">Irish</option>
					<option value="gl_ES">Galician</option>
					<option value="gn_PY">Guarani</option>
					<option value="gu_IN">Gujarati</option>
					<option value="he_IL">Hebrew</option>
					<option value="hi_IN">Hindi</option>
					<option value="hr_HR">Croatian</option>
					<option value="hu_HU">Hungarian</option>
					<option value="hy_AM">Armenian</option>
					<option value="id_ID">Indonesian</option>
					<option value="is_IS">Icelandic</option>
					<option value="it_IT">Italian</option>
					<option value="ja_JP">Japanese</option>
					<option value="jv_ID">Javanese</option>
					<option value="ka_GE">Georgian</option>
					<option value="kk_KZ">Kazakh</option>
					<option value="km_KH">Khmer</option>
					<option value="kn_IN">Kannada</option>
					<option value="ko_KR">Korean</option>
					<option value="ku_TR">Kurdish</option>
					<option value="la_VA">Latin</option>
					<option value="li_NL">Limburgish</option>
					<option value="lt_LT">Lithuanian</option>
					<option value="lv_LV">Latvian</option>
					<option value="mg_MG">Malagasy</option>
					<option value="mk_MK">Macedonian</option>
					<option value="ml_IN">Malayalam</option>
					<option value="mn_MN">Mongolian</option>
					<option value="mr_IN">Marathi</option>
					<option value="ms_MY">Malay</option>
					<option value="mt_MT">Maltese</option>
					<option value="nb_NO">Norwegian (bokmal)</option>
					<option value="ne_NP">Nepali</option>
					<option value="nl_BE">Dutch (Belgie)</option>
					<option value="nl_NL">Dutch</option>
					<option value="nn_NO">Norwegian (nynorsk)</option>
					<option value="pa_IN">Punjabi</option>
					<option value="pl_PL">Polish</option>
					<option value="ps_AF">Pashto</option>
					<option value="pt_BR">Portuguese (Brazil)</option>
					<option value="pt_PT">Portuguese (Portugal)</option>
					<option value="qu_PE">Quechua</option>
					<option value="rm_CH">Romansh</option>
					<option value="ro_RO">Romanian</option>
					<option value="ru_RU">Russian</option>
					<option value="sa_IN">Sanskrit</option>
					<option value="se_NO">Northern Sami</option>
					<option value="sk_SK">Slovak</option>
					<option value="sl_SI">Slovenian</option>
					<option value="so_SO">Somali</option>
					<option value="sq_AL">Albanian</option>
					<option value="sr_RS">Serbian</option>
					<option value="sv_SE">Swedish</option>
					<option value="sw_KE">Swahili</option>
					<option value="sy_SY">Syriac</option>
					<option value="ta_IN">Tamil</option>
					<option value="te_IN">Telugu</option>
					<option value="tg_TJ">Tajik</option>
					<option value="th_TH">Thai</option>
					<option value="tl_PH">Filipino</option>
					<option value="tl_ST">Klingon</option>
					<option value="tr_TR">Turkish</option>
					<option value="tt_RU">Tatar</option>
					<option value="uk_UA">Ukrainian</option>
					<option value="ur_PK">Urdu</option>
					<option value="uz_UZ">Uzbek</option>
					<option value="vi_VN">Vietnamese</option>
					<option value="xh_ZA">Xhosa</option>
					<option value="yi_DE">Yiddish</option>
					<option value="zh_CN">Simplified Chinese (China)</option>
					<option value="zh_HK">Traditional Chinese (Hong Kong)</option>
					<option value="zh_TW">Traditional Chinese (Taiwan)</option>
					<option value="zu_ZA">Zulu</option>
		        </field>
		        
		        <field name="@spacer5" type="spacer" default="############# DIGG SETTINGS #############" label="" description="" />
		        <field name="diggButton" type="radio" default="0" label="Digg Button" description="Show or hide Digg buttons." >
		           <option value="0">Hide</option>
		           <option value="1">Show</option>
		        </field>
		        <field name="diggType" type="list" default="DiggCompact" label="Digg Type" description="The type of your Digg button." >
		           <option value="DiggWide">Wide</option>
		           <option value="DiggMedium">Medium</option>
		           <option value="DiggCompact">Compact</option>
		           <option value="DiggIcon">Icon</option>
		        </field>
		        <field name="@spacer6" type="spacer" default="############# STUMBLEUPON SETTINGS #############" label="" description="" />
		        <field name="stumbleButton" type="radio" default="0" label="SumbpleUpon Button" description="Show or hide StubmpleUpon button." >
		           <option value="0">Hide</option>
		           <option value="1">Show</option>
		        </field>  
		        <field name="stumbleType" type="list" default="1" label="StumbleUpon Type" description="The type of your StumbleUpon button." >
		           <option value="1">Style 1</option>
		           <option value="2">Style 2</option>
		           <option value="3">Style 3</option>
		           <option value="4">Style 4</option>
		           <option value="5">Style 5</option>
		           <option value="6">Style 6</option>
		        </field>  
		        
		        <field name="@spacer7" type="spacer" default="############# LINKEDIN SETTINGS #############" label="" description="" />
		        <field name="linkedInButton" type="radio" default="0" label="LinkedIn Button" description="Show or hide LinkedIn button." >
		           <option value="0">Hide</option>
		           <option value="1">Show</option>
		        </field>
		        <field name="linkedInType" type="list" default="right" label="LinkedIn Type" description="The type of your LinkedIn button." >
		           <option value="none">Counter None</option>
		           <option value="top">Counter Top</option>
		           <option value="right">Counter Right</option>
		        </field>  
		        <field name="@spacer8" type="spacer" default="############# BUZZ SETTINGS #############" label="" description="" />
		        <field name="buzzButton" type="radio" default="0" label="Buzz Button" description="Show or hide Buzz button." >
		           <option value="0">Hide</option>
		           <option value="1">Show</option>
		        </field>
		        <field name="buzzType" type="list" default="small-count" label="Buzz Button Style" description="Choose a Buzz button style." >
		           <option value="small-count">Small count</option>
		           <option value="normal-count">Normal count</option>
		           <option value="small-button">Small button</option>
		           <option value="normal-button">Normal button</option>
		           <option value="link">Link</option>
		        </field>
		        <field name="buzzLocale" type="list" default="en" label="Buzz Language" description="Choose a Buzz language." >
		            <option value="ar">Arabic</option>
					<option value="bn">Bengali</option>
					<option value="bg">Bulgarian</option>
					<option value="ca">Catalan</option>
					<option value="zh">Chinese</option>
					<option value="zh_CN">Chinese (China)</option>
					<option value="zh_HK">Chinese (Hong Kong)</option>
					<option value="zh_TW">Chinese (Taiwan)</option>
					<option value="hr">Croatian</option>
					<option value="cs">Czech</option>
					<option value="da">Danish</option>
					<option value="nl">Dutch</option>
					<option value="en">English</option>
					<option value="en_IN">English (India)</option>
					<option value="en_IE">English (Ireland)</option>
					<option value="en_SG">English (Singapore)</option>
					<option value="en_ZA">English (South Africa)</option>
					<option value="en_GB">English (United Kingdom)</option>
					<option value="fil">Filipino</option>
					<option value="fi">Finnish</option>
					<option value="fr">French</option>
					<option value="de">German</option>
					<option value="de_CH">German (Switzerland)</option>
					<option value="el">Greek</option>
					<option value="gu">Gujarati</option>
					<option value="iw">Hebrew</option>
					<option value="hi">Hindi</option>
					<option value="hu">Hungarian</option>
					<option value="in">Indonesian</option>
					<option value="it">Italian</option>
					<option value="ja">Japanese</option>
					<option value="kn">Kannada</option>
					<option value="ko">Korean</option>
					<option value="lv">Latvian</option>
					<option value="ln">Lingala</option>
					<option value="lt">Lithuanian</option>
					<option value="ms">Malay</option>
					<option value="ml">Malayalam</option>
					<option value="mr">Marathi</option>
					<option value="no">Norwegian</option>
					<option value="or">Oriya</option>
					<option value="fa">Persian</option>
					<option value="pl">Polish</option>
					<option value="pt_BR">Portuguese (Brazil)</option>
					<option value="pt_PT">Portuguese (Portugal)</option>
					<option value="ro">Romanian</option>
					<option value="ru">Russian</option>
					<option value="sr">Serbian</option>
					<option value="sk">Slovak</option>
					<option value="sl">Slovenian</option>
					<option value="es">Spanish</option>
					<option value="sv">Swedish</option>
					<option value="gsw">Swiss German</option>
					<option value="ta">Tamil</option>
					<option value="te">Telugu</option>
					<option value="th">Thai</option>
					<option value="tr">Turkish</option>
					<option value="uk">Ukrainian</option>
		            <option value="vi">Vietnamese</option>
		        </field>
		        <field name="@spacer9" type="spacer" default="############# RETWEETME SETTINGS #############" label="" description="" />
		        <field name="retweetmeButton" type="radio" default="0" label="ReTweetMe Button" description="Show or hide ReTweetMe button." >
		           <option value="0">Hide</option>
		           <option value="1">Show</option>
		        </field>
		        <field name="retweetmeType" type="list" default="compact" label="ReTweetMe Button Style" description="Choose a ReTweetMe button style." >
		           <option value="compact">Compact</option>
		           <option value="normal">Normal</option>
		        </field>
		         <field name="@spacer10" type="spacer" default="############# YAHOO BUZZ SETTINGS #############" label="" description="" />
		         <field name="yahooBuzzButton" type="radio" default="0" label="YahooBuzz Button" description="Show or hide YahooBuzz button." >
		            <option value="0">Hide</option>
		            <option value="1">Show</option>
		         </field>
		         <field name="yahooBuzzType" type="list" default="small-votes" label="YahooBuzz Button Style" description="Choose a YahooBuzz button style." >
		            <option value="square">Square</option>
		            <option value="text-votes">Icon with text + Votes</option>
		            <option value="small-votes">Small + Votes</option>
		            <option value="medium-votes">Medium + Votes</option>
		            <option value="large-votes">Large + Votes</option>
		            <option value="logo">Icon with No Text</option>
		            <option value="text">Icon with text</option>
		            <option value="small">Small</option>
		            <option value="medium">Medium</option>
		            <option value="large">Large</option>
		         </field>
		         <field name="@spacer11" type="spacer" default="############# GOOGLE PLUS ONE SETTINGS #############" label="" description="" />
		        <field name="plusButton" type="radio" default="0" label="Google Plus One" description="Show or hide Plus One button." >
		           <option value="0">Hide</option>
		           <option value="1">Show</option>
		        </field>
		        <field name="plusType" type="list" default="medium" label="Plus One Button Style" description="Choose a Plus One button style." >
		           <option value="small">Small (15px)</option>
		           <option value="">Standard (24px)</option>
		           <option value="medium">Medium (20px)n</option>
		           <option value="tall">Tall (60px)</option>
		        </field>
		        <field name="plusLocale" type="list" default="en" label="Plus One Language" description="Choose a Plus One language." >
		            <option value="ar">Arabic</option>
		            <option value="bn">Bengali</option>
		            <option value="bg">Bulgarian</option>
		            <option value="ca">Catalan</option>
		            <option value="zh">Chinese</option>
		            <option value="zh_CN">Chinese (China)</option>
		            <option value="zh_HK">Chinese (Hong Kong)</option>
		            <option value="zh_TW">Chinese (Taiwan)</option>
		            <option value="hr">Croatian</option>
		            <option value="cs">Czech</option>
		            <option value="da">Danish</option>
		            <option value="nl">Dutch</option>
		            <option value="en">English</option>
		            <option value="en_IN">English (India)</option>
		            <option value="en_IE">English (Ireland)</option>
		            <option value="en_SG">English (Singapore)</option>
		            <option value="en_ZA">English (South Africa)</option>
		            <option value="en_GB">English (United Kingdom)</option>
		            <option value="fil">Filipino</option>
		            <option value="fi">Finnish</option>
		            <option value="fr">French</option>
		            <option value="de">German</option>
		            <option value="de_CH">German (Switzerland)</option>
		            <option value="el">Greek</option>
		            <option value="gu">Gujarati</option>
		            <option value="iw">Hebrew</option>
		            <option value="hi">Hindi</option>
		            <option value="hu">Hungarian</option>
		            <option value="in">Indonesian</option>
		            <option value="it">Italian</option>
		            <option value="ja">Japanese</option>
		            <option value="kn">Kannada</option>
		            <option value="ko">Korean</option>
		            <option value="lv">Latvian</option>
		            <option value="ln">Lingala</option>
		            <option value="lt">Lithuanian</option>
		            <option value="ms">Malay</option>
		            <option value="ml">Malayalam</option>
		            <option value="mr">Marathi</option>
		            <option value="no">Norwegian</option>
		            <option value="or">Oriya</option>
		            <option value="fa">Persian</option>
		            <option value="pl">Polish</option>
		            <option value="pt_BR">Portuguese (Brazil)</option>
		            <option value="pt_PT">Portuguese (Portugal)</option>
		            <option value="ro">Romanian</option>
		            <option value="ru">Russian</option>
		            <option value="sr">Serbian</option>
		            <option value="sk">Slovak</option>
		            <option value="sl">Slovenian</option>
		            <option value="es">Spanish</option>
		            <option value="sv">Swedish</option>
		            <option value="gsw">Swiss German</option>
		            <option value="ta">Tamil</option>
		            <option value="te">Telugu</option>
		            <option value="th">Thai</option>
		            <option value="tr">Turkish</option>
		            <option value="uk">Ukrainian</option>
		            <option value="vi">Vietnamese</option>
		        </field>
			</fieldset>
			<fieldset name="advanced">
				<field name="@spacer12" type="spacer" default="############# FACEBOOK LIKE ADVANCED SETTINGS #############" label="" description="" />
		        <field name="facebookLikeAppId" type="text" default="" label="Facebook App ID" description="Enter the ID of the your domain name. For more information read the documentation." />
		        <field name="facebookLikeSend" type="list" default="0" label="Facebook Send Buttons" description="Specifies whether to include a 'Send button' with the Like button. This only works with the XFBML version." >
		           <option value="0">No</option>
		           <option value="1">Yes</option>
		        </field>
		        <field name="facebookRootDiv" type="radio" default="1" label="Facebook Root Div" description="Put a FB root div element into the page code." >
		            <option value="0">No</option>
		            <option value="1">Yes</option>
		         </field>
		        <field name="facebookLoadJsLib" type="radio" default="1" label="Load Facebook JS library" description="Pass loading the Facebook JavaScript library 'All.js'. It works only with XFBML. Thus avoiding repeated loading library, if you are using other Facebook widgets. Accelerating the speed of the site and avoid conflicts between the Facebook widgets.">
		            <option value="0">No</option>
		            <option value="1">Yes</option>
		        </field>
		        <field name="@spacer13" type="spacer" default="############# EXTRA BUTTONS #############" label="" description="" />
		        <field name="ebuttons1" type="textarea" default="" label="A Button code 1" description="Insert an extra button ccode that will be included. If you need to specify a URL or title, use {URL} and {TITLE} for that." cols="50" rows="10"/>
		        <field name="ebuttons2" type="textarea" default="" label="A Button code 2" description="Insert an extra button ccode that will be included. If you need to specify a URL or title, use {URL} and {TITLE} for that." cols="50" rows="10"/>
		        <field name="ebuttons3" type="textarea" default="" label="A Button code 3" description="Insert an extra button ccode that will be included. If you need to specify a URL or title, use {URL} and {TITLE} for that." cols="50" rows="10"/>
		        <field name="ebuttons4" type="textarea" default="" label="A Button code 4" description="Insert an extra button ccode that will be included. If you need to specify a URL or title, use {URL} and {TITLE} for that." cols="50" rows="10"/>
		        <field name="ebuttons5" type="textarea" default="" label="A Button code 5" description="Insert an extra button ccode that will be included. If you need to specify a URL or title, use {URL} and {TITLE} for that." cols="50" rows="10"/>
			</fieldset>
		</fields>
	</config>
</install>